Name,Time,Human_Activity,Luminosity,Terrain,Presence_of_building,Mechanical_Activity,Nearby_vegetation,Safety
IMG_1854.jpg,Night,0,Well_Lit,Road,0,0,Low,High
IMG_1855.jpg,Night,0,Well_Lit,Road,0,0,Low,High
IMG_1856.jpg,Morning,0,Daylight,Road,1,0,Low,High
IMG_1857.jpg,Afternoon,0,Daylight,Road,1,0,Low,High
IMG_1858.jpg,Afternoon,0,Daylight,Muddy,0,0,High,Medium
IMG_1859.jpg,Morning,0,Daylight,Road,0,0,Medium,High
IMG_1860.jpg,Night,0,Mildly_Lit,Road,0,0,Medium,Medium
IMG_1861.jpg,Night,0,Mildly_Lit,Road,0,0,Low,Medium
IMG_1862.jpg,Night,0,Dark,Muddy,0,0,High,Low
IMG_1863.jpg,Night,1,Well_Lit,Road,1,1,Low,High
IMG_1864.jpg,Afternoon,1,Daylight,Road,0,0,Low,High
IMG_1865.jpg,Morning,0,Daylight,Road,0,0,Low,High
IMG_1866.jpg,Morning,1,Daylight,Road,0,0,Low,High
IMG_1867.jpg,Night,0,Mildly_Lit,Road,1,0,Medium,Medium
IMG_1868.jpg,Night,0,Well_Lit,Road,0,0,Medium,High
IMG_1869.jpg,Afternoon,0,Daylight,Muddy,0,0,High,Low
IMG_1870.jpg,Morning,0,Daylight,Road,0,0,Medium,High
IMG_1871.jpg,Morning,0,Daylight,Road,0,0,Low,High
IMG_1872.jpg,Night,1,Dark,Road,0,0,High,Low
IMG_1873.jpg,Night,0,Well_Lit,Road,0,0,Low,High
IMG_1874.jpg,Night,0,Mildly_Lit,Road,1,0,Medium,Medium
IMG_1875.jpg,Afternoon,0,Daylight,Muddy,1,0,High,Medium
IMG_1876.jpg,Afternoon,0,Daylight,Road,0,0,Low,High
IMG_1877.jpg,Afternoon,0,Daylight,Road,0,0,Medium,Medium
IMG_1878.jpg,Afternoon,0,Daylight,Road,1,0,Low,High
IMG_1879.jpg,Afternoon,0,Daylight,Muddy,0,0,High,Low
IMG_1880.jpg,Morning,0,Daylight,Road,1,1,Low,High
IMG_1881.jpg,Night,1,Well_Lit,Road,1,1,Low,High
IMG_1882.jpg,Night,0,Well_Lit,Road,0,0,Medium,Medium
IMG_1883.jpg,Afternoon,0,Daylight,Road,0,0,Low,High
IMG_1884.jpg,Night,1,Mildly_Lit,Road,0,0,Medium,Medium
IMG_1885.jpg,Night,1,Mildly_Lit,Road,1,0,Low,High
IMG_1886.jpg,Afternoon,0,Daylight,Muddy,0,0,High,Low
IMG_1887.jpg,Night,1,Well_Lit,Road,0,0,Medium,High
IMG_1888.jpg,Morning,0,Daylight,Road,0,0,High,Medium
IMG_1889.jpg,Night,1,Well_Lit,Road,1,1,Low,High
IMG_1890.jpg,Morning,0,Daylight,Road,0,0,High,Medium
IMG_1891.jpg,Afternoon,0,Daylight,Road,1,0,High,Medium
IMG_1892.jpg,Night,1,Mildly_Lit,Road,0,0,Medium,Medium
IMG_1893.jpg,Afternoon,1,Daylight,Road,1,1,High,High
IMG_1894.jpg,Morning,0,Daylight,Road,1,0,Low,High
IMG_1895.jpg,Afternoon,1,Daylight,Road,1,0,High,High
IMG_1896.jpg,Night,0,Well_Lit,Road,0,0,Low,Medium
IMG_1897.jpg,Night,1,Well_Lit,Road,0,0,Low,High
IMG_1898.jpg,Afternoon,0,Daylight,Muddy,0,0,High,Low
IMG_1899.jpg,Morning,0,Daylight,Road,1,0,Low,High
IMG_1900.jpg,Afternoon,0,Daylight,Road,1,0,Medium,High
IMG_1901.jpg,Afternoon,0,Daylight,Rough,1,1,Low,High
IMG_1902.jpg,Night,0,Mildly_Lit,Road,1,0,Medium,Medium
IMG_1903.jpg,Night,1,Well_Lit,Road,1,0,Medium,High
IMG_1904.jpg,Afternoon,0,Daylight,Road,0,0,Low,High
IMG_1905.jpg,Morning,0,Daylight,Road,1,0,Medium,High
IMG_1906.jpg,Afternoon,1,Daylight,Road,0,1,Medium,High
IMG_1907.jpg,Night,0,Well_Lit,Road,0,0,Medium,Medium
IMG_1908.jpg,Night,0,Mildly_Lit,Road,1,0,High,Low
IMG_1909.jpg,Afternoon,0,Daylight,Muddy,0,0,High,Low
IMG_1910.jpg,Afternoon,1,Daylight,Road,0,1,Medium,High
IMG_1911.jpg,Morning,0,Daylight,Road,1,0,Medium,High
IMG_1912.jpg,Night,0,Well_Lit,Road,0,0,High,Medium
IMG_1913.jpg,Night,0,Well_Lit,Road,1,0,Medium,High
IMG_1914.jpg,Morning,0,Daylight,Muddy,1,0,High,Medium
IMG_1915.jpg,Night,0,Mildly_Lit,Road,1,0,High,Low
IMG_1916.jpg,Afternoon,0,Daylight,Road,1,0,Low,High
IMG_1917.jpg,Afternoon,0,Daylight,Road,0,0,High,Medium
IMG_1918.jpg,Afternoon,0,Daylight,Road,1,1,Low,High
IMG_1919.jpg,Night,1,Well_Lit,Road,1,1,Medium,High
IMG_1920.jpg,Night,1,Well_Lit,Road,1,0,High,Medium
IMG_1921.jpg,Afternoon,0,Daylight,Road,1,0,Medium,High
IMG_1922.jpg,Afternoon,0,Daylight,Muddy,1,0,High,Medium
IMG_1923.jpg,Afternoon,0,Daylight,Road,1,0,High,Medium
IMG_1924.jpg,Night,1,Mildly_Lit,Road,0,1,Low,High
IMG_1925.jpg,Night,1,Well_Lit,Road,1,0,Medium,High
IMG_1926.jpg,Afternoon,0,Daylight,Muddy,1,0,High,Low
IMG_1927.jpg,Night,1,Well_Lit,Road,0,0,Medium,High
IMG_1928.jpg,Morning,1,Daylight,Road,0,1,Low,High
IMG_1929.jpg,Afternoon,0,Daylight,Road,0,0,Medium,Medium
IMG_1930.jpg,Afternoon,1,Daylight,Road,1,0,High,High
IMG_1931.jpg,Night,1,Well_Lit,Road,1,1,Low,High
IMG_1932.jpg,Night,0,Mildly_Lit,Road,1,0,High,Medium
IMG_1933.jpg,Afternoon,0,Daylight,Muddy,1,0,High,Medium
IMG_1934.jpg,Afternoon,0,Daylight,Road,1,0,Medium,High
IMG_1935.jpg,Morning,0,Daylight,Road,1,0,Low,High
IMG_1936.jpg,Night,1,Well_Lit,Road,0,0,Low,High
IMG_1937.jpg,Night,0,Well_Lit,Road,0,0,Low,High
IMG_1938.jpg,Afternoon,0,Daylight,Muddy,1,0,High,Medium
IMG_1939.jpg,Morning,0,Daylight,Road,1,0,Medium,High
IMG_1940.jpg,Morning,0,Daylight,Road,1,0,Medium,High
IMG_1941.jpg,Night,0,Well_Lit,Road,0,0,Medium,Medium
IMG_1942.jpg,Night,1,Mildly_Lit,Road,1,0,Medium,High
IMG_1943.jpg,Morning,1,Daylight,Rough,1,1,Low,High
IMG_1944.jpg,Morning,1,Daylight,Road,0,1,High,High
IMG_1945.jpg,Afternoon,0,Daylight,Road,1,0,Medium,High
IMG_1946.jpg,Afternoon,0,Daylight,Road,1,0,Low,High
IMG_1947.jpg,Night,0,Well_Lit,Road,0,1,High,High
IMG_1948.jpg,Night,0,Well_Lit,Road,1,0,Medium,High
IMG_1949.jpg,Afternoon,0,Daylight,Muddy,1,0,High,Medium
IMG_1950.jpg,Morning,0,Daylight,Road,0,0,Low,High
IMG_1951.jpg,Morning,0,Daylight,Road,1,0,High,Medium
IMG_1952.jpg,Night,0,Mildly_Lit,Road,1,0,Medium,Medium
IMG_1953.jpg,Night,1,Well_Lit,Road,1,0,Low,High
IMG_1954.jpg,Afternoon,1,Daylight,Muddy,1,0,High,Medium
IMG_1955.jpg,Night,1,Well_Lit,Road,1,1,Medium,High
IMG_1956.jpg,Afternoon,1,Daylight,Road,0,1,Medium,High
IMG_1957.jpg,Morning,0,Daylight,Road,1,0,Low,High
IMG_1958.jpg,Morning,0,Daylight,Road,0,0,Medium,High
IMG_1959.jpg,Night,1,Mildly_Lit,Road,1,1,High,Medium
IMG_1960.jpg,Night,1,Mildly_Lit,Road,1,0,Medium,Medium
IMG_1961.jpg,Afternoon,0,Daylight,Muddy,0,0,Medium,Medium
IMG_1962.jpg,Morning,0,Daylight,Road,0,0,Low,High
IMG_1963.jpg,Morning,0,Daylight,Road,0,0,Medium,High
IMG_1964.jpg,Night,1,Well_Lit,Road,0,0,Medium,High
IMG_1965.jpg,Night,0,Well_Lit,Road,0,0,Low,High
IMG_1966.jpg,Afternoon,0,Daylight,Muddy,1,0,Medium,High
IMG_1967.jpg,Night,1,Well_Lit,Road,0,0,Medium,High
IMG_1968.jpg,Morning,1,Daylight,Road,0,0,Low,High
IMG_1969.jpg,Morning,0,Daylight,Road,0,0,Medium,High
IMG_1970.jpg,Morning,0,Daylight,Road,0,0,Medium,High
IMG_1971.jpg,Night,1,Well_Lit,Road,1,1,Low,High
IMG_1972.jpg,Night,0,Dark,Road,0,0,Medium,Low
IMG_1973.jpg,Morning,0,Daylight,Muddy,1,0,High,Low
IMG_1974.jpg,Morning,0,Daylight,Road,1,0,Medium,High
IMG_1975.jpg,Morning,0,Daylight,Road,1,0,Low,High
IMG_1976.jpg,Night,1,Well_Lit,Road,0,1,High,High
IMG_1977.jpg,Night,0,Well_Lit,Road,0,0,Medium,Medium
IMG_1978.jpg,Afternoon,0,Daylight,Road,0,0,High,Low
IMG_1979.jpg,Morning,0,Daylight,Road,1,0,Medium,High
IMG_1980.jpg,Morning,0,Daylight,Road,1,0,Medium,High
IMG_1981.jpg,Afternoon,1,Daylight,Road,1,0,Low,High
IMG_1982.jpg,Night,1,Well_Lit,Road,0,0,Low,High
IMG_1983.jpg,Night,1,Mildly_Lit,Road,1,0,Low,High
IMG_1984.jpg,Afternoon,1,Daylight,Road,0,1,Medium,High
IMG_1985.jpg,Morning,0,Daylight,Road,1,0,Low,High
IMG_1986.jpg,Morning,0,Daylight,Road,1,0,Low,High
IMG_1987.jpg,Night,0,Well_Lit,Road,0,0,Low,High
IMG_1988.jpg,Night,0,Well_Lit,Road,1,0,Medium,Medium
IMG_1989.jpg,Afternoon,0,Daylight,Muddy,1,0,High,Medium
IMG_1990.jpg,Afternoon,0,Daylight,Road,1,0,Low,High
IMG_1991.jpg,Morning,0,Daylight,Road,0,0,Medium,High
IMG_1992.jpg,Night,0,Well_Lit,Road,0,0,High,Medium
IMG_1993.jpg,Night,0,Dark,Rough,1,0,High,Low
IMG_1994.jpg,Night,0,Dark,Muddy,0,0,High,Low
IMG_1995.jpg,Night,1,Well_Lit,Road,1,1,Medium,High
IMG_1996.jpg,Afternoon,1,Daylight,Road,1,1,Low,High
IMG_1997.jpg,Afternoon,0,Daylight,Road,0,0,Low,High
IMG_1998.jpg,Afternoon,1,Daylight,Road,0,0,Medium,High
IMG_1999.jpg,Night,0,Mildly_Lit,Road,1,0,Medium,Medium
IMG_2001.jpg,Night,0,Well_Lit,Road,0,0,High,Medium
IMG_2002.jpg,Afternoon,0,Daylight,Muddy,1,0,Medium,Medium
IMG_2003.jpg,Afternoon,0,Daylight,Road,1,0,Low,High
IMG_2004.jpg,Morning,0,Daylight,Road,0,0,High,High
IMG_2005.jpg,Night,1,Mildly_Lit,Road,0,0,High,Medium
IMG_2006.jpg,Night,0,Well_Lit,Road,1,0,Medium,Medium
IMG_2007.jpg,Morning,0,Daylight,Muddy,1,0,High,Medium
IMG_2008.jpg,Night,0,Well_Lit,Road,0,0,Low,High
IMG_2009.jpg,Morning,1,Daylight,Road,0,0,Low,High
IMG_2010.jpg,Morning,0,Daylight,Road,1,0,Low,High
IMG_2011.jpg,Morning,0,Daylight,Road,0,0,High,Medium
IMG_2012.jpg,Night,1,Well_Lit,Road,1,1,Low,High
IMG_2013.jpg,Night,0,Well_Lit,Road,0,0,High,Low
IMG_2014.jpg,Afternoon,0,Daylight,Muddy,1,0,High,Medium
IMG_2015.jpg,Afternoon,0,Daylight,Road,1,0,Medium,High
IMG_2016.jpg,Morning,0,Daylight,Road,1,0,Low,High
IMG_2017.jpg,Night,1,Mildly_Lit,Road,0,0,Medium,Medium
IMG_2018.jpg,Night,0,Well_Lit,Road,1,1,Low,High
IMG_2019.jpg,Afternoon,0,Daylight,Muddy,1,0,High,Medium
IMG_2020.jpg,Night,1,Well_Lit,Road,0,0,Medium,High
IMG_2021.jpg,Morning,0,Daylight,Road,0,0,Low,High
IMG_2022.jpg,Afternoon,0,Daylight,Road,1,0,Low,High
IMG_2023.jpg,Morning,0,Daylight,Road,1,0,Low,High
IMG_2024.jpg,Night,1,Well_Lit,Road,0,1,Low,High
IMG_2025.jpg,Night,1,Well_Lit,Road,1,0,Medium,High
IMG_2026.jpg,Afternoon,0,Daylight,Road,1,0,Low,High
IMG_2027.jpg,Afternoon,0,Daylight,Road,1,0,Low,High
IMG_2028.jpg,Morning,0,Daylight,Road,1,0,Medium,High
IMG_2029.jpg,Night,0,Well_Lit,Road,0,0,Low,High
IMG_2030.jpg,Night,0,Well_Lit,Road,0,0,Low,High
IMG_2031.jpg,Afternoon,0,Daylight,Muddy,1,0,High,Medium
IMG_2032.jpg,Afternoon,0,Daylight,Road,1,0,Low,High
IMG_2033.jpg,Morning,0,Daylight,Road,0,0,Medium,High
IMG_2034.jpg,Night,1,Well_Lit,Road,0,0,Medium,High
IMG_2035.jpg,Night,0,Well_Lit,Road,1,0,Low,High
IMG_2036.jpg,Night,1,Well_Lit,Road,1,1,Low,High
IMG_2037.jpg,Afternoon,1,Daylight,Road,0,0,Low,High
IMG_2038.jpg,Morning,0,Daylight,Road,0,0,Low,High
IMG_2039.jpg,Morning,1,Daylight,Road,0,0,Medium,High
IMG_2040.jpg,Night,0,Mildly_Lit,Road,0,0,Low,Medium
IMG_2041.jpg,Night,0,Well_Lit,Road,1,0,Medium,High
IMG_2042.jpg,Afternoon,0,Daylight,Muddy,0,0,High,Medium
IMG_2043.jpg,Afternoon,1,Daylight,Road,0,1,Low,High
IMG_2044.jpg,Morning,0,Daylight,Road,0,0,Medium,High
IMG_2045.jpg,Night,0,Mildly_Lit,Road,0,0,High,Low
IMG_2046.jpg,Night,0,Well_Lit,Road,1,0,Low,High
IMG_2047.jpg,Morning,0,Daylight,Road,1,0,High,High
IMG_2048.jpg,Night,0,Mildly_Lit,Road,1,0,Medium,Medium
IMG_2049.jpg,Afternoon,0,Daylight,Road,0,0,Medium,High
IMG_2050.jpg,Morning,0,Daylight,Road,1,1,Low,High
IMG_2051.jpg,Afternoon,0,Daylight,Road,0,0,Medium,High
IMG_2052.jpg,Night,1,Well_Lit,Road,1,1,Low,High
IMG_2053.jpg,Night,0,Well_Lit,Road,1,0,Medium,High
IMG_2054.jpg,Afternoon,0,Daylight,Road,0,0,High,Medium
IMG_2055.jpg,Afternoon,0,Daylight,Road,1,0,Low,High
IMG_2056.jpg,Morning,0,Daylight,Road,0,0,Low,High
IMG_2057.jpg,Night,1,Well_Lit,Road,0,0,Low,High
IMG_2058.jpg,Night,1,Well_Lit,Road,1,0,Low,High
IMG_2059.jpg,Afternoon,1,Daylight,Muddy,1,0,Medium,High
IMG_2060.jpg,Night,1,Well_Lit,Road,0,0,Low,High
IMG_2061.jpg,Morning,1,Daylight,Road,0,1,Low,High
IMG_2062.jpg,Morning,0,Daylight,Road,0,0,High,Medium
IMG_2063.jpg,Morning,1,Daylight,Road,1,0,High,High
IMG_2064.jpg,Night,1,Well_Lit,Road,1,1,Low,High
IMG_2065.jpg,Night,0,Well_Lit,Road,0,0,Low,High
IMG_2066.jpg,Afternoon,0,Daylight,Muddy,1,0,Low,High
IMG_2067.jpg,Morning,0,Daylight,Road,1,0,Low,High
IMG_2068.jpg,Night,0,Well_Lit,Road,0,0,Low,High
IMG_2069.jpg,Morning,0,Daylight,Road,1,0,Low,High
IMG_2070.jpg,Afternoon,0,Daylight,Muddy,0,0,High,Medium
IMG_2071.jpg,Night,0,Well_Lit,Road,0,0,Low,High
IMG_2072.jpg,Afternoon,0,Daylight,Road,1,0,Low,High
IMG_2073.jpg,Morning,1,Daylight,Road,1,1,Low,High
IMG_2074.jpg,Morning,0,Daylight,Road,0,0,Low,High
IMG_2075.jpg,Night,0,Well_Lit,Road,0,0,Low,High
IMG_2076.jpg,Night,0,Mildly_Lit,Road,1,0,Low,High
IMG_2077.jpg,Afternoon,0,Daylight,Road,1,0,Low,High
IMG_2078.jpg,Morning,0,Daylight,Road,0,0,Low,High
IMG_2079.jpg,Morning,1,Daylight,Road,0,1,Low,High
IMG_2080.jpg,Night,0,Well_Lit,Road,0,0,Low,High
IMG_2081.jpg,Night,0,Mildly_Lit,Road,1,0,Low,High
IMG_2082.jpg,Afternoon,0,Daylight,Muddy,1,0,Low,High
IMG_2083.jpg,Morning,0,Daylight,Road,0,0,Low,High
IMG_2084.jpg,Morning,0,Daylight,Road,1,0,Medium,High
IMG_2085.jpg,Night,0,Mildly_Lit,Road,1,0,Medium,Medium
IMG_2086.jpg,Night,1,Well_Lit,Road,1,0,Low,High
IMG_2087.jpg,Afternoon,0,Daylight,Muddy,1,0,Medium,High
IMG_2088.jpg,Night,1,Well_Lit,Road,1,0,Low,High
IMG_2089.jpg,Morning,0,Daylight,Road,0,0,Low,High
IMG_2090.jpg,Afternoon,0,Daylight,Road,1,0,Low,High
IMG_2091.jpg,Afternoon,0,Daylight,Road,0,0,Medium,High
IMG_2092.jpg,Night,0,Mildly_Lit,Road,1,1,Low,High
IMG_2093.jpg,Night,1,Well_Lit,Road,1,0,Medium,High
IMG_2094.jpg,Afternoon,0,Daylight,Muddy,0,0,Low,High
IMG_2095.jpg,Afternoon,0,Daylight,Rough,1,0,Low,High
IMG_2096.jpg,Morning,0,Daylight,Road,1,0,Low,High
IMG_2097.jpg,Night,1,Well_Lit,Road,1,0,Low,High
IMG_2098.jpg,Night,1,Well_Lit,Road,0,0,Low,High
IMG_2099.jpg,Afternoon,0,Daylight,Muddy,1,0,Low,High
IMG_2100.jpg,Night,1,Well_Lit,Road,0,0,Low,High
IMG_2101.jpg,Afternoon,1,Daylight,Road,0,0,Low,High
IMG_2102.jpg,Afternoon,0,Daylight,Rough,1,0,Low,High
IMG_2103.jpg,Morning,0,Daylight,Road,0,0,Low,High
IMG_2104.jpg,Night,1,Well_Lit,Road,1,1,Low,High
IMG_2105.jpg,Night,0,Mildly_Lit,Road,1,0,Medium,Medium
IMG_2106.jpg,Afternoon,0,Daylight,Muddy,1,0,High,High
IMG_2107.jpg,Morning,0,Daylight,Road,1,0,Low,High
IMG_2108.jpg,Morning,0,Daylight,Road,1,0,Low,High
IMG_2109.jpg,Night,1,Well_Lit,Road,0,1,Low,High
IMG_2110.jpg,Morning,0,Daylight,Road,1,0,Low,High
IMG_2111.jpg,Afternoon,0,Daylight,Muddy,0,0,High,Medium
IMG_2112.jpg,Morning,0,Daylight,Road,1,0,Low,High
IMG_2113.jpg,Night,0,Mildly_Lit,Road,1,0,Low,High
IMG_2114.jpg,Night,0,Well_Lit,Road,0,0,Low,High
IMG_2115.jpg,Afternoon,1,Daylight,Road,1,1,Low,High
IMG_2116.jpg,Night,1,Mildly_Lit,Road,1,0,Medium,High
IMG_2117.jpg,Afternoon,1,Daylight,Road,0,1,Medium,High
IMG_2118.jpg,Morning,0,Daylight,Road,1,0,Low,High
IMG_2119.jpg,Morning,0,Daylight,Road,1,0,Low,High
IMG_2120.jpg,Night,1,Well_Lit,Road,0,1,Medium,High
IMG_2121.jpg,Night,0,Well_Lit,Road,1,0,Low,High
IMG_2122.jpg,Afternoon,0,Daylight,Muddy,1,0,Low,High
IMG_2123.jpg,Morning,0,Daylight,Road,1,0,Low,High
IMG_2124.jpg,Morning,0,Daylight,Road,1,0,Low,High
IMG_2125.jpg,Night,1,Mildly_Lit,Road,1,0,Medium,High
IMG_2126.jpg,Night,0,Mildly_Lit,Rough,1,0,Medium,Medium
IMG_2127.jpg,Morning,0,Daylight,Road,0,1,Low,High
IMG_2128.jpg,Night,1,Well_Lit,Road,1,1,Low,High
IMG_2129.jpg,Afternoon,1,Daylight,Road,1,0,Low,High
IMG_2130.jpg,Afternoon,0,Daylight,Road,1,1,Low,High
IMG_2131.jpg,Afternoon,1,Daylight,Road,0,0,Low,High
IMG_2132.jpg,Night,0,Well_Lit,Road,1,0,Low,High
IMG_2133.jpg,Night,0,Well_Lit,Road,0,0,High,Medium
IMG_2134.jpg,Afternoon,0,Daylight,Muddy,1,0,Low,High
IMG_2135.jpg,Afternoon,1,Daylight,Road,0,1,Low,High
IMG_2136.jpg,Morning,0,Daylight,Road,0,0,Low,High
IMG_2137.jpg,Night,1,Mildly_Lit,Road,0,0,Low,High
IMG_2138.jpg,Night,0,Well_Lit,Road,1,0,Medium,High
IMG_2139.jpg,Afternoon,0,Daylight,Muddy,1,0,Medium,High
IMG_2140.jpg,Night,0,Well_Lit,Road,0,0,Low,High
IMG_2141.jpg,Morning,1,Daylight,Road,0,1,Low,High
IMG_2142.jpg,Afternoon,0,Daylight,Road,1,1,Low,High
IMG_2143.jpg,Afternoon,0,Daylight,Road,0,0,Medium,High
IMG_2144.jpg,Night,1,Well_Lit,Road,1,1,Low,High
IMG_2145.jpg,Night,0,Well_Lit,Road,0,0,Medium,Medium
IMG_2146.jpg,Afternoon,0,Daylight,Muddy,1,0,High,Medium
IMG_2147.jpg,Morning,0,Daylight,Road,1,0,Medium,High
IMG_2148.jpg,Night,1,Mildly_Lit,Road,0,0,Low,High
IMG_2149.jpg,Morning,0,Daylight,Road,1,0,Low,High
IMG_2150.jpg,Night,0,Mildly_Lit,Road,1,0,Low,High
IMG_2151.jpg,Afternoon,0,Daylight,Muddy,1,0,High,Medium
IMG_2152.jpg,Morning,0,Daylight,Road,0,0,Low,High
IMG_2153.jpg,Afternoon,0,Daylight,Road,1,0,Low,High
IMG_2154.jpg,Afternoon,1,Daylight,Road,1,0,Low,High
IMG_2155.jpg,Night,1,Mildly_Lit,Road,0,0,Low,High
IMG_2156.jpg,Night,1,Well_Lit,Road,1,0,Medium,High
IMG_2157.jpg,Afternoon,1,Daylight,Road,0,1,Medium,High
IMG_2158.jpg,Morning,0,Daylight,Road,1,0,Medium,High
IMG_2159.jpg,Morning,1,Daylight,Road,1,0,Medium,High
IMG_2160.jpg,Night,0,Mildly_Lit,Road,0,0,Low,High
IMG_2161.jpg,Night,0,Mildly_Lit,Road,0,0,Medium,Medium
IMG_2162.jpg,Afternoon,0,Daylight,Muddy,0,0,High,Medium
IMG_2163.jpg,Afternoon,0,Daylight,Road,1,0,Low,High
IMG_2164.jpg,Morning,0,Daylight,Road,0,0,Medium,High
IMG_2165.jpg,Night,0,Well_Lit,Road,0,0,High,Medium
IMG_2166.jpg,Night,0,Well_Lit,Road,0,0,Low,High
IMG_2167.jpg,Night,1,Mildly_Lit,Road,1,1,Low,High
IMG_2168.jpg,Afternoon,1,Daylight,Road,0,0,Low,High
IMG_2169.jpg,Morning,0,Daylight,Road,0,0,Low,High
IMG_2170.jpg,Morning,1,Daylight,Road,0,0,Low,High
IMG_2171.jpg,Night,0,Mildly_Lit,Road,0,0,High,Low
IMG_2172.jpg,Night,0,Well_Lit,Road,1,0,Medium,High
IMG_2173.jpg,Afternoon,0,Daylight,Muddy,1,0,High,Medium
IMG_2174.jpg,Afternoon,1,Daylight,Road,1,0,Low,High
IMG_2175.jpg,Morning,0,Daylight,Road,0,0,Low,High
IMG_2176.jpg,Night,0,Dark,Road,0,0,High,Low
IMG_2177.jpg,Night,0,Well_Lit,Road,1,0,Low,High
IMG_2178.jpg,Night,0,Well_Lit,Road,1,0,Low,High
IMG_2179.jpg,Afternoon,0,Daylight,Muddy,1,0,High,High
IMG_2180.jpg,Afternoon,0,Daylight,Road,0,0,Low,High
IMG_2181.jpg,Morning,0,Daylight,Road,1,0,Low,High
IMG_2182.jpg,Afternoon,0,Daylight,Road,0,0,Medium,High
IMG_2183.jpg,Night,1,Well_Lit,Road,1,1,Low,High
IMG_2184.jpg,Night,0,Well_Lit,Road,0,0,Low,High
IMG_2185.jpg,Afternoon,0,Daylight,Road,1,0,Medium,High
IMG_2186.jpg,Afternoon,0,Daylight,Road,1,0,Medium,High
IMG_2187.jpg,Morning,0,Daylight,Road,0,0,Low,High
IMG_2188.jpg,Night,1,Well_Lit,Road,0,0,Low,High
IMG_2189.jpg,Night,1,Mildly_Lit,Road,1,0,Low,High
IMG_2190.jpg,Afternoon,0,Daylight,Muddy,0,0,High,Low
IMG_2191.jpg,Night,1,Well_Lit,Road,0,0,Medium,High
IMG_2192.jpg,Morning,0,Daylight,Road,0,0,Medium,High
IMG_2193.jpg,Afternoon,0,Daylight,Road,0,0,Medium,High
IMG_2194.jpg,Afternoon,1,Daylight,Road,1,0,Medium,High
IMG_2195.jpg,Night,1,Well_Lit,Road,1,1,Low,High
IMG_2196.jpg,Night,1,Mildly_Lit,Road,0,0,Low,High
IMG_2197.jpg,Afternoon,1,Daylight,Road,1,0,Medium,High
IMG_2198.jpg,Afternoon,0,Daylight,Road,1,0,Low,High
IMG_2199.jpg,Morning,0,Daylight,Road,1,0,Medium,High
IMG_2200.jpg,Night,0,Mildly_Lit,Road,0,0,Medium,High
IMG_2201.jpg,Night,0,Well_Lit,Road,0,0,Low,High
IMG_2202.jpg,Afternoon,0,Daylight,Muddy,0,0,High,Low
IMG_2203.jpg,Afternoon,0,Daylight,Road,1,0,Low,High
IMG_2204.jpg,Afternoon,0,Daylight,Road,1,0,Medium,High
IMG_2205.jpg,Morning,0,Daylight,Rough,1,1,Low,High
IMG_2206.jpg,Night,0,Well_Lit,Road,1,0,Low,High
IMG_2207.jpg,Night,1,Mildly_Lit,Road,1,0,Low,High
IMG_2208.jpg,Afternoon,0,Daylight,Road,0,0,Medium,High
IMG_2209.jpg,Morning,0,Daylight,Road,1,0,Low,High
IMG_2210.jpg,Afternoon,1,Daylight,Road,0,1,Medium,High
IMG_2211.jpg,Night,0,Well_Lit,Road,0,0,Medium,High
IMG_2212.jpg,Night,0,Mildly_Lit,Road,1,0,High,Medium
IMG_2213.jpg,Afternoon,0,Daylight,Road,0,0,Low,High
IMG_2214.jpg,Afternoon,0,Daylight,Muddy,1,0,Medium,High
IMG_2215.jpg,Morning,0,Daylight,Road,1,0,Medium,High
IMG_2216.jpg,Night,0,Well_Lit,Road,0,0,High,Medium
IMG_2217.jpg,Night,1,Well_Lit,Road,1,0,Medium,High
IMG_2218.jpg,Afternoon,0,Daylight,Road,1,0,High,Medium
IMG_2219.jpg,Night,0,Mildly_Lit,Road,1,0,Medium,High
IMG_2220.jpg,Afternoon,0,Daylight,Road,0,0,Low,High
IMG_2221.jpg,Afternoon,0,Daylight,Road,1,1,Low,High
IMG_2222.jpg,Afternoon,1,Daylight,Road,0,0,Medium,High
IMG_2223.jpg,Night,0,Mildly_Lit,Road,1,1,Low,High
IMG_2224.jpg,Night,1,Well_Lit,Road,1,0,Medium,High
IMG_2225.jpg,Afternoon,0,Daylight,Muddy,1,0,Medium,High
IMG_2226.jpg,Afternoon,0,Daylight,Rough,1,0,Medium,High
IMG_2227.jpg,Morning,0,Daylight,Road,1,0,Medium,High
IMG_2228.jpg,Night,1,Mildly_Lit,Road,1,0,Low,High
IMG_2229.jpg,Night,0,Well_Lit,Road,1,0,Low,High
IMG_2230.jpg,Afternoon,1,Daylight,Muddy,1,0,Medium,High
IMG_2231.jpg,Night,1,Well_Lit,Road,0,0,Low,High
IMG_2232.jpg,Morning,1,Daylight,Road,0,0,Low,High
IMG_2233.jpg,Afternoon,0,Daylight,Road,0,0,High,Medium
IMG_2234.jpg,Morning,0,Daylight,Road,0,0,Medium,High
IMG_2235.jpg,Night,1,Well_Lit,Road,1,0,Low,High
IMG_2237.jpg,Afternoon,0,Daylight,Muddy,1,0,High,Medium
IMG_2238.jpg,Afternoon,0,Daylight,Road,1,0,Medium,High
IMG_2239.jpg,Morning,0,Daylight,Road,1,0,Low,High
IMG_2240.jpg,Night,1,Well_Lit,Road,0,0,Low,High
IMG_2241.jpg,Night,0,Well_Lit,Road,0,0,Medium,Medium
IMG_2242.jpg,Afternoon,0,Daylight,Muddy,1,0,High,Medium
IMG_2243.jpg,Morning,0,Daylight,Road,1,0,Medium,High
IMG_2244.jpg,Afternoon,0,Daylight,Road,0,0,Medium,High
IMG_2245.jpg,Morning,0,Daylight,Road,1,1,Low,High
IMG_2246.jpg,Night,0,Well_Lit,Road,0,0,Low,High
IMG_2247.jpg,Night,0,Mildly_Lit,Road,1,0,High,Medium
IMG_2248.jpg,Morning,1,Daylight,Road,0,0,Medium,High
IMG_2249.jpg,Afternoon,0,Daylight,Road,1,0,Medium,High
IMG_2250.jpg,Morning,0,Daylight,Road,1,0,Low,High
IMG_2251.jpg,Night,1,Well_Lit,Road,0,1,High,High
IMG_2252.jpg,Night,0,Well_Lit,Road,1,0,Medium,High
IMG_2253.jpg,Afternoon,1,Daylight,Muddy,1,0,High,High
IMG_2254.jpg,Afternoon,0,Daylight,Road,0,0,Low,High
IMG_2255.jpg,Afternoon,0,Daylight,Road,1,0,Medium,High
IMG_2256.jpg,Night,1,Mildly_Lit,Road,1,0,Medium,High
IMG_2257.jpg,Night,1,Well_Lit,Road,1,0,Medium,High
IMG_2258.jpg,Afternoon,0,Daylight,Road,1,1,Low,High
IMG_2259.jpg,Night,1,Well_Lit,Road,1,1,Medium,High
IMG_2260.jpg,Afternoon,1,Daylight,Road,0,0,Low,High
IMG_2261.jpg,Afternoon,0,Daylight,Road,1,1,Low,High
IMG_2262.jpg,Afternoon,1,Daylight,Road,0,0,Low,High
IMG_2263.jpg,Night,0,Mildly_Lit,Road,1,1,Medium,Medium
IMG_2264.jpg,Night,0,Mildly_Lit,Road,0,0,High,Low
IMG_2265.jpg,Afternoon,0,Daylight,Muddy,1,0,Low,High
IMG_2266.jpg,Afternoon,0,Daylight,Road,0,0,Low,High
IMG_2267.jpg,Morning,0,Daylight,Road,0,0,Low,High
IMG_2268.jpg,Night,1,Well_Lit,Road,1,0,Medium,High
IMG_2269.jpg,Night,1,Well_Lit,Road,1,0,Low,High
IMG_2270.jpg,Morning,0,Daylight,Muddy,1,0,High,High
IMG_2271.jpg,Night,1,Well_Lit,Road,0,0,Medium,High
IMG_2272.jpg,Afternoon,0,Daylight,Road,0,1,Low,High
IMG_2273.jpg,Afternoon,0,Daylight,Road,0,0,Low,High
IMG_2274.jpg,Afternoon,0,Daylight,Road,0,0,High,Medium
IMG_2275.jpg,Night,1,Well_Lit,Road,1,1,Low,High
IMG_2276.jpg,Night,0,Dark,Road,0,0,Medium,Low
IMG_2277.jpg,Afternoon,0,Daylight,Road,1,0,Medium,High
IMG_2278.jpg,Morning,0,Daylight,Muddy,1,0,High,Medium
IMG_2279.jpg,Morning,0,Daylight,Road,1,0,Low,High
IMG_2280.jpg,Night,1,Mildly_Lit,Road,0,0,Medium,High
IMG_2281.jpg,Night,0,Well_Lit,Road,1,0,Low,High
IMG_2282.jpg,Afternoon,0,Daylight,Muddy,1,0,High,Medium
IMG_2283.jpg,Morning,0,Daylight,Road,1,0,Low,High
IMG_2284.jpg,Morning,0,Daylight,Road,1,0,Medium,High
IMG_2285.jpg,Afternoon,1,Daylight,Road,1,0,Medium,High
IMG_2286.jpg,Night,1,Well_Lit,Road,0,0,Low,High
IMG_2287.jpg,Night,1,Well_Lit,Road,1,0,Medium,High
IMG_2288.jpg,Afternoon,1,Daylight,Road,0,1,Medium,High
IMG_2289.jpg,Morning,0,Daylight,Road,1,0,Medium,High
20251015_143014.jpg,Afternoon,0,Daylight,Road,0,0,Medium,High
20251015_143015.jpg,Afternoon,0,Daylight,Road,0,0,Medium,High
20251015_143017.jpg,Afternoon,0,Daylight,Road,0,0,Medium,High
20251015_143018.jpg,Afternoon,0,Daylight,Road,0,0,Medium,High
20251015_143019.jpg,Afternoon,0,Daylight,Road,0,0,Medium,High
20251015_143021.jpg,Afternoon,1,Daylight,Road,0,1,High,High
20251015_143022.jpg,Afternoon,1,Daylight,Road,0,1,High,High
20251015_143023.jpg,Afternoon,1,Daylight,Road,0,1,High,High
20251015_143024.jpg,Afternoon,1,Daylight,Road,0,0,Medium,High
20251015_143026.jpg,Afternoon,0,Daylight,Road,0,1,Medium,High
20251015_143031.jpg,Afternoon,0,Daylight,Road,0,1,High,High
20251015_143032.jpg,Afternoon,0,Daylight,Road,0,1,High,High
20251015_143035.jpg,Afternoon,0,Daylight,Road,0,1,High,High
20251015_143042.jpg,Afternoon,0,Daylight,Road,1,1,Medium,High
20251015_143044.jpg,Afternoon,0,Daylight,Road,0,1,High,High
20251015_143048.jpg,Afternoon,0,Daylight,Road,0,1,Medium,High
20251015_143052.jpg,Afternoon,1,Daylight,Road,0,1,High,High
20251015_143054.jpg,Afternoon,1,Daylight,Road,1,1,Medium,High
20251015_143056.jpg,Afternoon,1,Daylight,Road,0,1,High,High
20251015_143058.jpg,Afternoon,1,Daylight,Road,0,1,High,High
20251015_143100.jpg,Afternoon,1,Daylight,Road,0,0,Medium,High
20251015_143102.jpg,Afternoon,1,Daylight,Road,0,1,High,High
20251015_143104.jpg,Afternoon,1,Daylight,Road,0,1,High,High
20251015_143106.jpg,Afternoon,1,Daylight,Road,0,1,High,High
20251015_143108.jpg,Afternoon,0,Daylight,Road,0,0,High,High
20251015_143109.jpg,Afternoon,0,Daylight,Road,0,0,High,High
20251015_143115.jpg,Afternoon,0,Daylight,Road,0,0,High,High
20251015_143118.jpg,Afternoon,0,Daylight,Road,0,0,High,High
20251015_143120.jpg,Afternoon,0,Daylight,Road,0,0,High,High
20251015_143123.jpg,Afternoon,0,Daylight,Road,0,0,Medium,High
20251015_143127.jpg,Afternoon,0,Daylight,Road,0,0,Low,High
20251015_143203.jpg,Afternoon,1,Daylight,Road,0,1,Medium,High
20251015_143204.jpg,Afternoon,1,Daylight,Road,0,1,Medium,High
20251015_143206.jpg,Afternoon,1,Daylight,Road,0,1,Medium,High
20251015_143207.jpg,Afternoon,1,Daylight,Road,0,1,Medium,High
20251015_143209.jpg,Afternoon,1,Daylight,Road,0,1,Medium,High
20251015_143210.jpg,Afternoon,1,Daylight,Road,0,1,Medium,High
20251015_143212.jpg,Afternoon,0,Daylight,Road,0,1,Medium,High
20251015_143214.jpg,Afternoon,0,Daylight,Road,0,0,Medium,High
20251015_143217.jpg,Afternoon,0,Daylight,Road,0,0,Medium,High
20251015_143219.jpg,Afternoon,0,Daylight,Road,0,0,Medium,High
20251015_143222.jpg,Afternoon,0,Daylight,Road,0,0,Medium,High
20251015_143224.jpg,Afternoon,1,Daylight,Road,0,0,Medium,High
20251015_143226.jpg,Afternoon,1,Daylight,Road,0,0,Medium,High
20251015_143227.jpg,Afternoon,1,Daylight,Road,0,1,Medium,High
20251015_143230.jpg,Afternoon,1,Daylight,Road,0,1,Medium,High
20251015_143234.jpg,Afternoon,0,Daylight,Road,1,1,Medium,High
20251015_143236.jpg,Afternoon,0,Daylight,Road,1,0,Low,High
20251015_181118.jpg,Evening,1,Well_Lit,Road,0,1,Medium,High
20251015_181123.jpg,Night,0,Mildly_Lit,Road,1,1,Low,Medium
20251015_181136.jpg,Night,0,Mildly_Lit,Road,0,1,Low,Medium
20251015_181143.jpg,Night,0,Well_Lit,Road,0,1,Low,Medium
20251015_181147.jpg,Evening,1,Well_Lit,Road,0,1,Medium,High
20251015_181208.jpg,Evening,1,Well_Lit,Road,0,1,Medium,High
20251015_181212.jpg,Evening,1,Well_Lit,Road,0,0,Medium,High
20251015_181218.jpg,Night,1,Well_Lit,Road,1,0,Low,Medium
20251015_181226.jpg,Evening,1,Well_Lit,Road,0,0,High,High
20251015_181238.jpg,Evening,1,Well_Lit,Road,0,0,High,High
20251015_181245.jpg,Evening,0,Well_Lit,Road,0,0,Medium,High
20251015_181249.jpg,Night,1,Well_Lit,Road,0,0,Low,Medium
20251015_181252.jpg,Night,0,Well_Lit,Road,0,1,Low,Medium
20251015_181304.jpg,Evening,0,Well_Lit,Road,0,0,Medium,High
20251015_181307.jpg,Night,0,Well_Lit,Road,0,1,Low,Medium
20251015_181313.jpg,Evening,0,Well_Lit,Road,0,0,Medium,High
20251015_181318.jpg,Evening,0,Mildly_Lit,Road,0,0,High,High
20251015_181323.jpg,Night,0,Well_Lit,Rough,0,0,High,Low
20251015_181327.jpg,Evening,1,Mildly_Lit,Road,0,1,Medium,High
20251015_181349.jpg,Evening,1,Mildly_Lit,Road,0,1,Medium,High
20251015_181355.jpg,Night,0,Well_Lit,Rough,0,0,High,Low
20251015_181406.jpg,Night,0,Well_Lit,Rough,0,0,High,Low
20251015_181413.jpg,Night,1,Well_Lit,Rough,0,1,Medium,Medium
20251015_181420.jpg,Night,1,Well_Lit,Rough,0,0,Low,Medium
20251015_181452.jpg,Evening,1,Mildly_Lit,Road,0,1,Medium,High
20251015_181512.jpg,Evening,1,Mildly_Lit,Road,0,1,Medium,High
20251015_181530.jpg,Night,1,Mildly_Lit,Muddy,1,0,High,Medium
20251015_181534.jpg,Night,0,Mildly_Lit,Rough,0,0,High,Low
20251015_181541.jpg,Night,0,Mildly_Lit,Road,0,0,High,Low
20251015_181546.jpg,Night,0,Mildly_Lit,Road,0,1,High,Low
20251015_181548.jpg,Evening,1,Mildly_Lit,Road,0,1,High,Medium
20251015_181552.jpg,Evening,0,Mildly_Lit,Road,0,0,High,Medium
20251015_181616.jpg,Night,0,Mildly_Lit,Road,0,0,High,Low
20251015_181635.jpg,Night,0,Dark,Road,0,0,High,Low
20251015_181653.jpg,Night,1,Mildly_Lit,Rough,0,0,High,Low
20251015_181701.jpg,Night,0,Dark,Muddy,0,0,High,Low
20251015_181706.jpg,Night,0,Dark,Road,0,0,Medium,Low
20251015_181715.jpg,Night,0,Dark,Muddy,1,0,Medium,Low
20251015_181719.jpg,Evening,0,Dark,Muddy,0,0,High,Low
20251015_181723.jpg,Evening,0,Dark,Muddy,0,0,High,Low
20251015_181728.jpg,Evening,0,Dark,Rough,1,0,Low,Low
20251015_181733.jpg,Night,0,Dark,Muddy,1,0,Low,Medium
20251015_181736.jpg,Night,0,Mildly_Lit,Muddy,1,0,Low,Medium
20251015_181738.jpg,Evening,1,Dark,Rough,1,1,Low,Medium
20251015_181743.jpg,Evening,1,Dark,Rough,1,1,Low,Medium
20251015_181747.jpg,Evening,1,Mildly_Lit,Rough,1,1,Low,Medium
20251015_181759.jpg,Night,0,Mildly_Lit,Muddy,1,0,Low,Medium
20251015_181802.jpg,Night,1,Mildly_Lit,Road,1,0,Low,Medium
20251015_181805.jpg,Evening,1,Well_Lit,Rough,1,1,Low,Low
20251015_181845.jpg,Evening,1,Well_Lit,Road,1,1,Low,Low
20251015_181853.jpg,Night,1,Well_Lit,Road,1,0,Low,Medium
20251015_214251.jpg,Night,0,Well_Lit,Road,1,1,Low,Medium
20251015_214254.jpg,Evening,1,Mildly_Lit,Road,1,1,Low,Low
20251015_214306.jpg,Night,0,Dark,Muddy,1,0,Low,Low
20251021_142306.jpg,Afternoon,0,Daylight,Road,1,0,Low,Medium
20251021_142309.jpg,Afternoon,0,Daylight,Road,1,0,Low,Medium
20251021_142332.jpg,Afternoon,0,Daylight,Road,1,1,Low,Medium
20251021_142409.jpg,Afternoon,0,Daylight,Road,1,0,Low,Medium
20251021_142410.jpg,Afternoon,0,Well_Lit,Road,1,0,Low,Low
20251021_142411.jpg,Afternoon,0,Well_Lit,Road,1,0,Low,Low
20251021_142459.jpg,Afternoon,1,Daylight,Road,1,0,Low,Medium
20251025_230229.jpg,Night,0,Dark,Muddy,1,0,High,Low
20251025_230240.jpg,Night,0,Dark,Muddy,1,0,High,Low
20251025_230242.jpg,Night,0,Dark,Rough,1,0,High,Low
20251025_230247.jpg,Night,0,Dark,Rough,1,0,High,Low
20251025_230533.jpg,Night,0,Well_Lit,Road,1,0,Low,Medium
20251025_230555.jpg,Night,0,Well_Lit,Road,0,0,Medium,High
20251025_230608.jpg,Night,1,Well_Lit,Road,0,0,Medium,Medium
20251025_230627.jpg,Night,1,Well_Lit,Road,0,0,Medium,Medium
20251025_230652.jpg,Night,1,Well_Lit,Rough,0,0,Medium,Medium
20251025_230659.jpg,Night,0,Mildly_Lit,Road,0,0,Medium,High
20251025_230713.jpg,Night,1,Well_Lit,Rough,1,0,Medium,Medium
20251025_230719.jpg,Night,0,Well_Lit,Rough,1,0,Medium,Medium
20251025_230731.jpg,Night,0,Well_Lit,Road,0,0,Medium,High
20251025_230800.jpg,Night,0,Dark,Road,1,0,Low,Low
20251025_230801.jpg,Night,0,Well_Lit,Road,1,0,Medium,Medium
20251025_230837.jpg,Night,0,Well_Lit,Road,0,0,Medium,High
20251025_230848.jpg,Night,0,Well_Lit,Road,1,0,Medium,High
20251025_230855.jpg,Night,0,Mildly_Lit,Rough,1,0,High,Low
20251025_230857.jpg,Night,0,Mildly_Lit,Rough,1,0,High,Low
20251025_230912.jpg,Night,0,Mildly_Lit,Muddy,0,0,High,Low
20251025_230928.jpg,Night,1,Mildly_Lit,Rough,1,0,Medium,Medium
20251025_230933.jpg,Night,1,Mildly_Lit,Road,1,0,Medium,Medium
20251025_230951.jpg,Night,0,Mildly_Lit,Road,1,0,Medium,Medium
20251025_232010.jpg,Night,1,Mildly_Lit,Road,0,0,Low,Medium
20251025_232014.jpg,Night,0,Mildly_Lit,Road,0,0,Medium,Low
20251025_232018.jpg,Night,0,Well_Lit,Road,0,0,Medium,Medium
20251025_232022.jpg,Night,0,Dark,Road,0,0,Medium,Low
20251025_232025.jpg,Night,0,Well_Lit,Road,0,0,Medium,Medium
20251025_232048.jpg,Night,1,Well_Lit,Road,0,0,Medium,Medium
20251025_232050.jpg,Night,1,Dark,Road,0,0,Medium,Low
20251025_232054.jpg,Night,0,Dark,Road,0,0,Medium,Low
20251025_232156.jpg,Night,0,Dark,Road,0,0,High,Low
20251025_232159.jpg,Night,0,Dark,Road,0,0,Medium,Low
20251025_232203.jpg,Night,0,Dark,Road,0,0,High,Low
20251025_232213.jpg,Night,0,Dark,Road,0,0,Medium,Low
20251025_232231.jpg,Night,0,Dark,Rough,0,0,Medium,Low
20251025_232253.jpg,Night,0,Dark,Rough,0,0,High,Low
20251025_232259.jpg,Night,0,Dark,Rough,0,0,High,Low
20251025_232301.jpg,Night,0,Dark,Road,0,0,High,Low
20251025_232306.jpg,Night,0,Dark,Rough,0,0,Medium,Low
20251025_232318.jpg,Night,0,Dark,Muddy,0,0,Medium,Low
20251025_232319.jpg,Night,0,Dark,Rough,0,0,High,Low
20251025_232322.jpg,Night,0,Dark,Rough,0,0,High,Low
20251025_232323.jpg,Night,0,Dark,Rough,0,0,High,Low
20251025_232331.jpg,Night,0,Dark,Rough,0,0,High,Low
20251025_232337.jpg,Night,0,Dark,Muddy,0,0,Medium,Low
20251025_232340.jpg,Night,0,Dark,Muddy,0,0,High,Low
20251025_232343.jpg,Night,0,Dark,Rough,0,0,High,Low
20251025_232348.jpg,Night,1,Dark,Muddy,0,0,High,Low
20251025_232349.jpg,Night,1,Mildly_Lit,Muddy,0,0,Medium,Medium
20251025_232351.jpg,Night,0,Mildly_Lit,Rough,0,0,Medium,Medium
20251025_232355.jpg,Night,0,Mildly_Lit,Rough,0,0,Medium,Medium
20251025_232400.jpg,Night,0,Mildly_Lit,Rough,0,0,Medium,Medium
20251025_232412.jpg,Night,1,Mildly_Lit,Muddy,0,1,Medium,Medium
20251025_232416.jpg,Night,1,Mildly_Lit,Muddy,0,1,Medium,Medium
20251025_232420.jpg,Night,0,Mildly_Lit,Muddy,0,0,High,Low
20251025_232424.jpg,Night,0,Dark,Muddy,0,0,High,Low
20251025_232425.jpg,Night,0,Mildly_Lit,Muddy,1,0,High,Medium
20251025_232429.jpg,Night,0,Well_Lit,Rough,0,0,Medium,Medium
20251025_232435.jpg,Night,0,Well_Lit,Rough,1,0,Medium,Medium
20251025_232439.jpg,Night,0,Well_Lit,Muddy,0,0,High,Low
20251025_232440.jpg,Night,0,Well_Lit,Muddy,0,1,Medium,Low
20251025_232443.jpg,Night,1,Well_Lit,Rough,0,1,Medium,Low
20251025_232447.jpg,Night,0,Mildly_Lit,Muddy,0,0,High,Low
20251025_232500.jpg,Night,0,Well_Lit,Rough,0,0,Medium,Low
20251025_232510.jpg,Night,0,Mildly_Lit,Rough,1,0,Low,Medium
20251025_232513.jpg,Night,0,Well_Lit,Road,1,0,Low,Medium
20251025_232515.jpg,Night,0,Well_Lit,Muddy,1,0,High,Low
20251025_232624.jpg,Night,0,Dark,Muddy,1,0,High,Low
20251025_232630.jpg,Night,0,Dark,Muddy,0,0,High,Low
20251025_232640.jpg,Night,0,Dark,Muddy,0,0,High,Low
20251025_232645.jpg,Night,0,Dark,Muddy,1,0,High,Low
20251025_232649.jpg,Night,0,Mildly_Lit,Rough,1,0,High,Medium
20251025_232725.jpg,Night,0,Well_Lit,Road,0,0,High,Medium
20251025_232727.jpg,Night,0,Mildly_Lit,Road,1,0,Medium,Medium
20251025_232753.jpg,Night,0,Well_Lit,Road,0,0,Medium,Medium
20251025_232754.jpg,Night,0,Well_Lit,Road,0,0,High,Medium
20251025_232804.jpg,Night,0,Well_Lit,Road,0,0,High,Medium
20251025_232808.jpg,Night,0,Well_Lit,Road,0,0,Medium,Medium
20251025_232809.jpg,Night,0,Well_Lit,Road,0,0,Medium,Medium
20251025_232820.jpg,Night,0,Mildly_Lit,Rough,0,0,Medium,Low
20251025_232831.jpg,Night,0,Dark,Muddy,1,0,High,Low
20251025_232839.jpg,Night,0,Dark,Muddy,1,0,High,Low
20251025_232857.jpg,Night,0,Mildly_Lit,Rough,1,0,High,Low
20251025_232914.jpg,Night,0,Well_Lit,Road,1,0,High,Low
20251025_232916.jpg,Night,0,Mildly_Lit,Muddy,1,0,High,Low
20251025_232920.jpg,Night,0,Dark,Rough,0,0,High,Low
20251025_232922.jpg,Night,0,Dark,Rough,0,0,High,Low
20251025_232925.jpg,Night,0,Dark,Muddy,1,0,High,Low
20251025_232933.jpg,Night,0,Dark,Muddy,1,0,High,Low
20251025_232942.jpg,Night,0,Dark,Muddy,1,0,High,Low
20251025_233034.jpg,Night,0,Well_Lit,Rough,1,0,Medium,Medium
20251025_233041.jpg,Night,0,Well_Lit,Road,0,0,Medium,Medium
20251025_233047.jpg,Night,0,Well_Lit,Road,1,0,Medium,Medium
20251025_233100.jpg,Night,0,Mildly_Lit,Road,0,0,High,Low
20251025_233107.jpg,Night,0,Mildly_Lit,Road,0,0,High,Low
20251025_233112.jpg,Night,0,Well_Lit,Road,0,0,High,Low
20251025_233123.jpg,Night,0,Mildly_Lit,Road,0,0,High,Low
20251025_233126.jpg,Night,0,Mildly_Lit,Road,0,0,High,Low
20251025_233140.jpg,Night,0,Well_Lit,Road,1,0,High,Low
20251025_233158.jpg,Night,0,Mildly_Lit,Road,0,0,High,Low
20251025_233200.jpg,Night,0,Mildly_Lit,Road,0,0,High,Low
20251025_233207.jpg,Night,0,Mildly_Lit,Road,0,0,High,Low
20251025_233229.jpg,Night,0,Mildly_Lit,Road,0,0,High,Low
20251025_233232.jpg,Night,0,Dark,Road,0,0,High,Low
20251025_233233.jpg,Night,0,Dark,Road,0,0,High,Low
20251025_233241.jpg,Night,0,Well_lit,Road,0,0,Low,High
20251025_233259.jpg,Night,0,Well_lit,Road,0,0,Medium,High
20251025_233302.jpg,Night,0,Well_lit,Road,0,0,Medium,High
20251025_233312.jpg,Night,0,Dark,Road,0,0,High,Low
20251025_233332.jpg,Night,0,Mildly_Lit,Road,0,0,Medium,Low
20251025_233339.jpg,Night,0,Dark,Road,0,0,High,Low
20251025_233357.jpg,Night,0,Dark,Road,0,0,High,Low
20251025_233358.jpg,Night,0,Dark,Road,0,0,High,Low
20251025_233359.jpg,Night,0,Dark,Road,0,0,High,Low
20251025_233404.jpg,Night,0,Dark,Road,0,0,High,Low
20251025_233407.jpg,Night,0,Dark,Road,0,0,High,Low
20251025_233408.jpg,Night,0,Dark,Rough,0,0,High,Low
20251025_233410.jpg,Night,0,Dark,Rough,0,0,High,Low
20251025_233411.jpg,Night,0,Dark,Rough,0,0,High,Low
20251025_233412.jpg,Night,0,Dark,Rough,0,0,High,Low
20251025_233414.jpg,Night,0,Dark,Rough,0,0,High,Low
20251025_233420.jpg,Night,0,Dark,Rough,0,0,High,Low
20251025_233422.jpg,Night,0,Dark,Rough,0,0,High,Low
20251025_233424.jpg,Night,0,Dark,Muddy,0,0,High,Low
20251025_233426.jpg,Night,0,Dark,Rough,0,0,High,Low
20251025_233430.jpg,Night,0,Dark,Rough,0,0,High,Low
20251025_233444.jpg,Night,0,Mildly_Lit,Muddy,0,0,High,Low
20251025_233454.jpg,Night,0,Mildly_Lit,Rough,0,0,High,Low
20251025_233500.jpg,Night,1,Mildly_Lit,Muddy,1,0,Medium,Medium
20251025_233511.jpg,Night,1,Mildly_Lit,Muddy,1,0,High,Low
20251025_233516.jpg,Night,0,Dark,Rough,0,0,High,Low
20251025_233837.jpg,Night,0,Dark,Rough,0,0,High,Low
20251025_233841.jpg,Night,0,Dark,Rough,0,0,High,Low
20251025_233844.jpg,Night,0,Mildly_Lit,Muddy,1,0,High,Medium
20251025_233859.jpg,Night,0,Dark,Muddy,0,0,High,Low
20251025_233906.jpg,Night,0,Dark,Muddy,0,0,High,Low
20251025_233909.jpg,Night,0,Dark,Muddy,0,0,High,Low
20251025_233938.jpg,Night,0,Dark,Rough,0,0,Medium,Low
20251025_233941.jpg,Night,0,Dark,Rough,0,0,Medium,Low
20251025_233944.jpg,Night,0,Dark,Rough,0,0,High,Low
20251025_233957.jpg,Night,0,Dark,Rough,0,0,Medium,Low
20251025_234002.jpg,Night,0,Dark,Rough,0,0,Medium,Low
20251025_234005.jpg,Night,0,Dark,Rough,0,0,High,Low
20251025_234009.jpg,Night,0,Dark,Rough,0,0,High,Low
20251025_234017.jpg,Night,0,Dark,Muddy,0,0,High,Low
20251025_234020.jpg,Night,0,Dark,Rough,0,0,High,Low
20251025_234104.jpg,Night,0,Dark,Road,0,0,High,Low
20251025_234125.jpg,Night,1,Dark,Road,0,0,Medium,Medium
20251025_234126.jpg,Night,0,Dark,Road,0,0,Medium,Low
20251025_234135.jpg,Night,0,Dark,Rough,0,0,High,Low
20251025_234142.jpg,Night,0,Dark,Road,0,0,Medium,Low
20251025_234143.jpg,Night,0,Dark,Rough,0,0,High,Low
20251025_234157.jpg,Night,0,Dark,Road,0,0,High,Low
20251025_234242.jpg,Night,0,Dark,Road,0,0,High,Low
20251025_234247.jpg,Night,0,Dark,Road,0,0,High,Low
20251025_234252.jpg,Night,0,Dark,Road,0,0,High,Low
20251025_234303.jpg,Night,0,Dark,Road,0,0,Medium,Low
20251025_234310.jpg,Night,0,Dark,Road,0,0,Low,Low
20251025_234315.jpg,Night,0,Dark,Road,0,0,High,Low
20251025_234319.jpg,Night,0,Dark,Road,0,0,Medium,Low
20251025_234321.jpg,Night,0,Dark,Road,0,0,High,Low
20251025_234326.jpg,Night,0,Dark,Road,0,0,Medium,Low
20251025_234330.jpg,Night,0,Dark,Road,0,0,High,Low
20251025_234336.jpg,Night,0,Dark,Road,0,0,High,Low
20251025_234456.jpg,Night,0,Well_Lit,Rough,1,0,Medium,High
20251025_234458.jpg,Night,0,Well_Lit,Rough,1,0,Medium,High
20251025_234506.jpg,Night,0,Well_Lit,Rough,1,0,Low,High
20251025_234509.jpg,Night,0,Well_Lit,Rough,0,0,Medium,Medium
20251025_234534.jpg,Night,0,Mildly_Lit,Rough,1,0,Medium,Medium
20251025_234544.jpg,Night,0,Dark,Rough,1,0,Low,Medium
20251025_234548.jpg,Night,0,Mildly_Lit,Rough,1,0,High,Medium
20251025_234553.jpg,Night,0,Mildly_Lit,Rough,0,0,Low,Medium
20251025_234554.jpg,Night,0,Mildly_Lit,Rough,0,0,Low,Medium
20251025_234621.jpg,Night,0,Mildly_Lit,Road,1,0,Low,High
20251025_234658.jpg,Night,0,Well_Lit,Road,1,1,Low,High
20251025_234702.jpg,Night,0,Well_Lit,Road,1,0,Low,High
20251025_234706.jpg,Night,0,Well_Lit,Road,1,0,Low,High
20251025_234746.jpg,Night,0,Dark,Road,0,0,Medium,Low
20251025_234753.jpg,Night,0,Dark,Road,0,0,Medium,Low
20251025_234754.jpg,Night,0,Dark,Rough,1,0,Medium,Medium
20251025_234758.jpg,Night,0,Dark,Road,1,0,High,Low
20251025_234806.jpg,Night,0,Dark,Rough,0,0,High,Low
20251025_234809.jpg,Night,0,Dark,Rough,0,0,High,Low
20251025_234818.jpg,Night,0,Dark,Road,0,0,High,Low
20251025_234820.jpg,Night,0,Dark,Road,0,0,High,Low
20251025_234831.jpg,Night,0,Dark,Road,0,0,High,Low
20251025_234836.jpg,Night,0,Dark,Muddy,0,0,High,Low
20251025_234842.jpg,Night,0,Dark,Road,0,0,High,Low
20251025_234843.jpg,Night,0,Dark,Road,0,0,High,Low
20251025_234847.jpg,Night,0,Dark,Road,0,0,High,Low
20251025_234857.jpg,Night,0,Dark,Road,1,0,High,Low
20251025_234900.jpg,Night,0,Dark,Road,1,0,High,Low
20251025_234908.jpg,Night,0,Dark,Road,1,0,High,Low
20251025_234941.jpg,Night,0,Well_Lit,Road,0,0,Medium,Medium
20251025_234948.jpg,Night,0,Well_Lit,Road,0,0,Medium,Medium
20251025_235028.jpg,Night,0,Mildly_Lit,Muddy,0,0,Medium,Low
20251025_235032.jpg,Night,0,Mildly_Lit,Muddy,0,0,High,Low
20251025_235040.jpg,Night,0,Dark,Muddy,0,0,High,Low
20251025_235050.jpg,Night,0,Dark,Rough,0,0,High,Low
20251025_235051.jpg,Night,0,Dark,Rough,0,0,High,Low
20251025_235104.jpg,Night,0,Dark,Rough,0,0,High,Low
20251025_235115.jpg,Night,0,Dark,Rough,0,0,High,Low
20251025_235122.jpg,Night,0,Dark,Rough,0,0,High,Low
20251025_235131.jpg,Night,0,Dark,Rough,0,0,High,Low
20251025_235136.jpg,Night,0,Dark,Road,0,0,High,Low
20251025_235143.jpg,Night,0,Dark,Road,0,0,High,Low
20251025_235151.jpg,Night,0,Dark,Road,0,0,High,Low
20251025_235156.jpg,Night,0,Dark,Road,0,0,High,Low
20251025_235207.jpg,Night,0,Mildly_Lit,Rough,0,0,Medium,Medium
20251025_235210.jpg,Night,0,Mildly_Lit,Rough,0,0,Medium,Medium
20251025_235215.jpg,Night,0,Mildly_Lit,Rough,0,0,Low,Medium
20251025_235217.jpg,Night,0,Mildly_Lit,Road,0,0,Low,High
20251025_235219.jpg,Night,0,Mildly_Lit,Rough,0,0,High,Low
20251025_235224.jpg,Night,0,Well_Lit,Road,0,0,Medium,High
20251025_235306.jpg,Night,0,Mildly_Lit,Road,1,0,Low,High
20251025_235321.jpg,Night,0,Well_Lit,Road,1,0,Low,High
20251025_235334.jpg,Night,0,Well_Lit,Road,1,0,Low,High
20251025_235340.jpg,Night,0,Well_Lit,Road,1,1,Medium,High
20251025_235347.jpg,Night,0,Well_Lit,Road,1,0,Medium,High
20251025_235401.jpg,Night,0,Well_Lit,Road,1,0,Medium,High
20251025_235446.jpg,Night,0,Mildly_Lit,Muddy,1,0,Medium,Medium
20251025_235526.jpg,Night,1,Mildly_Lit,Rough,0,0,Medium,Medium
20251025_235533.jpg,Night,0,Mildly_Lit,Rough,1,0,Medium,Medium
20251025_235543.jpg,Night,0,Mildly_Lit,Rough,0,0,High,Low
20251025_235606.jpg,Night,0,Well_Lit,Rough,0,0,Medium,Medium
20251025_235616.jpg,Night,0,Mildly_Lit,Rough,1,0,Medium,Medium
20251025_235620.jpg,Night,0,Mildly_Lit,Rough,0,0,Medium,Medium
20251025_235652.jpg,Night,0,Well_Lit,Road,1,0,Medium,High
20251025_235700.jpg,Night,0,Well_Lit,Road,1,0,Medium,High
20251025_235719.jpg,Night,0,Mildly_Lit,Road,0,0,Medium,Medium
20251025_235726.jpg,Night,0,Dark,Road,0,0,High,Low
20251025_235728.jpg,Night,0,Dark,Road,0,0,High,Low
20251025_235744.jpg,Night,0,Mildly_Lit,Muddy,0,0,High,Low
20251025_235748.jpg,Night,0,Mildly_Lit,Muddy,0,0,High,Low
20251025_235752.jpg,Night,0,Mildly_Lit,Muddy,1,0,High,Low
20251025_235803.jpg,Night,0,Mildly_Lit,Muddy,1,0,High,Low
20251025_235807.jpg,Night,0,Mildly_Lit,Muddy,1,0,High,Low
20251025_235822.jpg,Night,0,Mildly_Lit,Muddy,1,0,Medium,Medium
20251025_235825.jpg,Night,0,Mildly_Lit,Muddy,1,0,Medium,Medium
20251025_235830.jpg,Night,0,Mildly_Lit,Muddy,1,0,Medium,Medium
20251025_235838.jpg,Night,1,Mildly_Lit,Muddy,1,0,Medium,High
20251025_235841.jpg,Night,0,Mildly_Lit,Muddy,1,0,High,Medium
20251025_235852.jpg,Night,0,Dark,Muddy,1,0,High,Low
20251025_235855.jpg,Night,0,Dark,Muddy,1,0,High,Low
20251025_235900.jpg,Night,0,Dark,Muddy,0,0,High,Low
20251025_235903.jpg,Night,0,Mildly_Lit,Muddy,0,0,High,Low
20251025_235905.jpg,Night,0,Dark,Muddy,0,0,Medium,Low
20251025_235908.jpg,Night,0,Dark,Muddy,1,0,High,Low
20251025_235917.jpg,Night,0,Dark,Muddy,0,0,High,Low
20251025_235920.jpg,Night,0,Dark,Muddy,0,0,High,Low
20251025_235934.jpg,Night,0,Dark,Muddy,0,0,Medium,Low
20251025_235936.jpg,Night,0,Dark,Muddy,0,0,Medium,Low
20251025_235939.jpg,Night,0,Dark,Muddy,0,0,Medium,Low
20251025_235940.jpg,Night,0,Dark,Muddy,0,0,Medium,Low
20251025_235942.jpg,Night,0,Dark,Muddy,0,0,Medium,Low
20251025_235945.jpg,Night,1,Dark,Muddy,1,0,High,Low
20251025_235947.jpg,Night,1,Dark,Muddy,1,0,High,Low
20251025_235949.jpg,Night,0,Dark,Muddy,1,0,High,Low
20251025_235952.jpg,Night,0,Dark,Muddy,1,0,High,Low
20251025_235955.jpg,Night,0,Dark,Muddy,0,0,Medium,Low
20251025_235959.jpg,Night,0,Dark,Muddy,1,0,High,Low
20251026_000004.jpg,Night,0,Dark,Muddy,0,0,Medium,Low
20251026_000007.jpg,Night,0,Mildly_Lit,Rough,1,0,Medium,Medium
20251026_000009.jpg,Night,0,Dark,Muddy,0,0,Medium,Low
20251026_000010.jpg,Night,0,Mildly_Lit,Rough,1,0,Medium,Medium
20251026_000039.jpg,Night,0,Dark,Muddy,0,0,Medium,Low
20251026_000051.jpg,Night,0,Dark,Muddy,0,0,Medium,Low
20251026_000054.jpg,Night,0,Dark,Muddy,0,0,Medium,Low
20251026_000117.jpg,Night,0,Mildly_Lit,Rough,1,0,Medium,Medium
20251026_000209.jpg,Night,0,Well_Lit,Road,0,0,Low,High
20251026_000213.jpg,Night,0,Well_Lit,Road,1,0,Low,High
20251026_000225.jpg,Night,0,Mildly_Lit,Road,1,0,Low,High
20251026_000229.jpg,Night,0,Mildly_Lit,Road,1,0,Low,High
20251026_000246.jpg,Night,0,Well_Lit,Road,1,1,Low,High
20251026_000259.jpg,Night,0,Well_Lit,Road,1,0,Low,High
20251026_000435.jpg,Night,0,Mildly_Lit,Rough,1,0,Medium,Medium
20251029_171818.jpg,Evening,1,Mildly_Lit,Road,1,1,Medium,High
20251029_173430.jpg,Evening,0,Mildly_Lit,Road,1,0,Medium,High
20251029_173459.jpg,Evening,0,Mildly_Lit,Road,1,0,Medium,High
20251031_125753.jpg,Morning,0,Daylight,Road,0,0,Medium,High
20251031_125756.jpg,Morning,0,Daylight,Road,1,0,Medium,High
20251031_125806.jpg,Morning,0,Daylight,Road,0,0,Medium,High
20251031_125842.jpg,Morning,0,Daylight,Road,1,0,Medium,High
20251031_125917.jpg,Morning,0,Daylight,Road,1,0,Medium,High
20251031_130040.jpg,Morning,0,Well_Lit,Road,1,0,High,High
20251031_130043.jpg,Morning,0,Well_Lit,Road,0,0,High,Medium
20251031_130054.jpg,Morning,1,Well_Lit,Road,1,0,High,High
20251031_130100.jpg,Morning,1,Well_Lit,Road,1,0,Medium,High
20251031_130238.jpg,Morning,0,Well_Lit,Road,1,0,Medium,Medium
20251104-173029.jpg,Evening,0,Mildly_Lit,Rough,1,0,High,Medium
20251104_173005.jpg,Evening,0,Mildly_Lit,Rough,1,0,High,Medium
20251104_173013.jpg,Evening,0,Mildly_Lit,Rough,1,0,High,Medium
20251105-122034.jpg,Afternoon,0,Well_Lit,Rough,0,0,High,High
20251105_122043.jpg,Afternoon,0,Well_Lit,Rough,0,0,High,High
20251105_122352.jpg,Afternoon,0,Well_Lit,Rough,0,0,High,High
IMG_20251019_202155097.jpg,Night,0,Mildly_Lit,Road,0,0,Medium,Medium
IMG_20251019_202225226.jpg,Night,1,Well_Lit,Road,1,0,Low,High
IMG_20251020_181100977.jpg,Night,0,Well_Lit,Road,1,0,Low,High
IMG_20251021_200552039.jpg,Night,1,Well_Lit,Road,0,0,Medium,Medium
IMG_20251021_200734597.jpg,Night,0,Well_Lit,Road,1,0,Low,High
IMG_20251021_201102299.jpg,Night,0,Well_Lit,Road,1,0,Low,High
IMG_20251022_184633921.jpg,Night,0,Mildly_Lit,Rough,1,0,Medium,Medium
IMG_20251022_184643655.jpg,Night,0,Mildly_Lit,Rough,1,0,Medium,Medium
IMG_20251022_184702181.jpg,Evening,0,Mildly_Lit,Rough,1,0,Medium,Medium
IMG_20251022_184716883.jpg,Evening,0,Mildly_Lit,Rough,1,0,Medium,Medium
IMG_20251022_184739112.jpg,Evening,0,Mildly_Lit,Rough,1,0,Medium,Medium
IMG_20251022_184749087.jpg,Evening,0,Mildly_Lit,Rough,0,0,High,Low
IMG_20251022_184806080.jpg,Evening,0,Dark,Rough,0,0,High,Low
IMG_20251022_184813059.jpg,Evening,0,Dark,Rough,1,0,High,Low
IMG_20251022_184826760.jpg,Evening,0,Dark,Rough,1,0,High,Low
IMG_20251022_184841458.jpg,Evening,0,Mildly_Lit,Road,1,0,Medium,High
IMG_20251022_184855058.jpg,Evening,0,Dark,Road,0,0,High,Low
IMG_20251022_184900531.jpg,Evening,0,Dark,Rough,1,0,High,Low
IMG_20251022_184906912.jpg,Evening,0,Mildly_Lit,Muddy,1,0,High,Medium
IMG_20251022_184938499.jpg,Night,1,Mildly_Lit,Road,1,0,Medium,High
IMG_20251022_184946828.jpg,Night,1,Mildly_Lit,Muddy,1,0,Medium,Medium
IMG_20251022_184957519.jpg,Night,0,Mildly_Lit,Muddy,1,0,Medium,Medium
IMG_20251022_185009813.jpg,Night,0,Well_Lit,Muddy,1,0,High,Medium
IMG_20251022_185026013.jpg,Night,0,Well_Lit,Muddy,0,0,High,Low
IMG_20251022_185041720.jpg,Night,0,Well_Lit,Muddy,0,0,High,Low
IMG_20251022_185132864.jpg,Night,0,Well_Lit,Muddy,1,0,Medium,High
IMG_20251022_185146200.jpg,Night,0,Well_Lit,Muddy,1,0,Low,High
IMG_20251022_185152542.jpg,Night,0,Well_Lit,Muddy,1,0,Low,High
IMG_20251022_185327563.jpg,Night,0,Well_Lit,Muddy,1,0,Medium,Medium
IMG_20251022_185332840.jpg,Night,0,Well_Lit,Muddy,1,0,Medium,Medium
IMG_20251022_185454801.jpg,Night,0,Well_Lit,Muddy,0,0,High,Low
IMG_20251024_104738228_HDR.jpg,Afternoon,0,Daylight,Road,1,0,Low,High
IMG_20251024_104739735_HDR.jpg,Afternoon,0,Daylight,Road,1,0,Low,High
IMG_20251024_104858836_HDR.jpg,Afternoon,0,Daylight,Road,1,0,Low,High
IMG_20251024_104859943_HDR.jpg,Afternoon,0,Daylight,Road,1,0,Low,High
IMG_20251024_105001605.jpg,Afternoon,0,Daylight,Road,1,1,Low,High
IMG_20251024_105002651.jpg,Afternoon,0,Daylight,Road,1,1,Low,High
IMG_20251024_105012667_HDR.jpg,Afternoon,0,Daylight,Muddy,1,0,High,Medium
IMG_20251024_105014989_HDR.jpg,Afternoon,0,Daylight,Muddy,1,0,High,Medium
IMG_20251024_105054642_HDR.jpg,Afternoon,0,Daylight,Muddy,1,0,High,Medium
IMG_20251024_105058996_HDR.jpg,Afternoon,0,Daylight,Muddy,0,0,Medium,Medium
IMG_20251024_105118105_HDR.jpg,Afternoon,1,Daylight,Muddy,1,0,High,High
IMG_20251024_105154656.jpg,Afternoon,1,Daylight,Muddy,0,0,Medium,High
IMG_20251024_105155519.jpg,Afternoon,1,Daylight,Muddy,0,0,Medium,High
IMG_20251024_105324728.jpg,Afternoon,0,Daylight,Muddy,0,0,Medium,High
IMG_20251024_105355555_HDR.jpg,Afternoon,1,Daylight,Muddy,1,0,High,High
IMG_20251024_105357098.jpg,Afternoon,1,Daylight,Muddy,1,0,High,High
IMG_20251024_105408045_HDR.jpg,Afternoon,1,Daylight,Road,0,0,Low,High
IMG_20251024_105410354.jpg,Afternoon,1,Daylight,Road,0,0,Low,High
IMG_20251024_105435296_HDR.jpg,Afternoon,1,Daylight,Road,0,0,Low,High
IMG_20251024_105519695_HDR.jpg,Afternoon,1,Daylight,Road,1,0,Low,High
IMG_20251024_105522437.jpg,Afternoon,1,Daylight,Road,1,0,Low,High
IMG_20251024_105600557.jpg,Afternoon,0,Daylight,Rough,0,0,Medium,Medium
IMG_20251024_105601885.jpg,Afternoon,0,Daylight,Rough,0,0,Medium,Medium
IMG_20251024_150659611_HDR.jpg,Evening,0,Daylight,Road,0,0,Medium,High
IMG_20251024_150702434_HDR.jpg,Evening,1,Daylight,Road,0,0,High,High
IMG_20251024_150704165_HDR.jpg,Evening,1,Daylight,Road,0,0,High,High
IMG_20251024_150728100_HDR.jpg,Evening,1,Daylight,Road,0,0,Low,High
IMG_20251024_150757782_HDR.jpg,Evening,1,Daylight,Road,0,1,Low,High
IMG_20251024_150800916_HDR.jpg,Evening,0,Daylight,Road,0,1,Low,High
IMG_20251024_150828437_HDR.jpg,Evening,1,Daylight,Road,1,1,Low,High
IMG_20251024_150829422_HDR.jpg,Evening,0,Daylight,Road,1,1,Low,High
IMG_20251024_150909583_HDR.jpg,Evening,0,Daylight,Road,1,1,Low,High
IMG_20251024_150947720.jpg,Evening,0,Daylight,Muddy,1,0,High,Medium
IMG_20251024_151019280.jpg,Evening,0,Daylight,Road,1,0,Low,High
IMG_20251024_151143329.jpg,Evening,0,Daylight,Rough,1,0,Low,High
IMG_20251024_151145593.jpg,Evening,0,Daylight,Rough,1,0,Low,High
IMG_20251024_151208945.jpg,Evening,0,Daylight,Rough,1,0,Medium,High
IMG_20251024_151240488.jpg,Evening,0,Daylight,Rough,0,0,Low,High
IMG_20251024_151313135_HDR.jpg,Evening,0,Daylight,Road,1,0,Low,High
IMG_20251024_151352628.jpg,Evening,0,Daylight,Road,1,1,Low,High
IMG_20251024_151416231_HDR.jpg,Evening,0,Daylight,Road,1,0,Low,High
IMG_20251024_151420480_HDR.jpg,Evening,0,Daylight,Road,1,0,Low,High
IMG_20251024_151431781_HDR.jpg,Evening,1,Daylight,Road,1,0,Low,High
IMG_20251024_151452575_HDR.jpg,Evening,0,Daylight,Road,0,1,Medium,High
IMG_20251024_151455824_HDR.jpg,Evening,0,Daylight,Road,0,1,Medium,High
IMG_20251024_151559619_HDR.jpg,Evening,0,Daylight,Road,1,0,Low,High
IMG_20251024_151601088_HDR.jpg,Evening,0,Daylight,Road,1,0,Low,High
20251116_141045.jpg,Afternoon,0,Daylight,Muddy,0,0,Medium,Medium
20251116_141218.jpg,Afternoon,0,Daylight,Muddy,0,0,High,Low
20251116_141553.jpg,Afternoon,0,Daylight,Muddy,0,0,Medium,Medium
20251116_141600.jpg,Afternoon,0,Daylight,Muddy,0,0,Medium,Medium
20251116_141926.jpg,Afternoon,0,Daylight,Muddy,0,0,High,Low
20251116_142825.jpg,Afternoon,0,Daylight,Rough,0,0,Medium,Medium
20251116_142834.jpg,Afternoon,0,Daylight,Rough,0,1,Medium,Medium
20251116_142841.jpg,Afternoon,0,Daylight,Muddy,0,0,High,Low
20251116_142845.jpg,Afternoon,0,Daylight,Muddy,1,0,High,Medium
20251116_142902.jpg,Afternoon,0,Daylight,Rough,0,0,High,Medium
20251116_142939.jpg,Afternoon,0,Daylight,Rough,0,0,High,Medium
20251116_143135.jpg,Afternoon,0,Daylight,Muddy,0,0,High,Low
20251116_143215.jpg,Afternoon,1,Daylight,Muddy,0,0,High,Medium
